"id_name","ID_code","Kingdom","Phylum","Class","Order","Family","Genus","species"
"Aiptasia_mutabilis","AIMU","Animalia","Cnidaria","Anthozoa","Actinaria","Aiptasiidae","Aiptasia","Aiptasia_mutabilis"
"Alicia_mirabilis","ALMI","Animalia","Cnidaria","Anthozoa","Actinaria","Aliciidae","Alicia","Alicia_mirabilis"
"Cribrinopsis_crassa","CRCR","Animalia","Cnidaria","Anthozoa","Actinaria","Actiniidae","Cribrinopsis","Cribrinopsis_crassa"
"Alcyonium_acaule","ALAC","Animalia","Cnidaria","Anthozoa","Alcyonacea","Alcyoniidae","Alcyonium","Alcyonium_acaule"
"Alcyonium_corralloides","ALCO","Animalia","Cnidaria","Anthozoa","Alcyonacea","Alcyoniidae","Alcyonium","Alcyonium_corralloides"
"Ascidia_mentula","ASME","Animalia","Chordata","Ascidiacea","Phlebobranchia","Ascidiidae","Ascidia","Ascidia_mentula"
"Ascidia_virginea","ASVI","Animalia","Chordata","Ascidiacea","Phlebobranchia","Ascidiidae","Ascidia","Ascidia_virginea"
"Ascidiella_aspersa","ASAS","Animalia","Chordata","Ascidiacea","Phlebobranchia","Ascidiidae","Ascidiella","Ascidiella_aspersa"
"Ciona_edwardsi","CIED","Animalia","Chordata","Ascidiacea","Phlebobranchia","Cionidae","Ciona","Ciona_edwardsi"
"Ciona_intestinalis","CIIN","Animalia","Chordata","Ascidiacea","Phlebobranchia","Cionidae","Ciona","Ciona_intestinalis"
"Clavelina_lepadoformis","CLLE","Animalia","Chordata","Ascidiacea","Aplousobranchia","Clavelinidae","Clavelina","Clavelina_lepadoformis"
"Clavelina_dellavallei","CLDE","Animalia","Chordata","Ascidiacea","Aplousobranchia","Clavelinidae","Clavelina","Clavelina_dellavallei"
"Cliona_sp","CLIO","Animalia","Porifera","Demospongiae","Hadromerida","Clionaidae","Cliona","Cliona_sp"
"Diazona_violacea","DIVI","Animalia","Chordata","Ascidiacea","Aplousobranchia","Diazonidae","Diazona","Diazona_violacea"
"Didemnium_sp","DIDE","Animalia","Chordata","Ascidiacea","Aplousobranchia","Didemnidae","Didemnum","Didemnium_sp"
"Distaplia_rosea","DIRO","Animalia","Chordata","Ascidiacea","Aplousobranchia","Holozoidae","Distaplia","Distaplia_rosea"
"Halocynthia_papillosa","HAPA","Animalia","Chordata","Ascidiacea","Stolidobranchia","Pyuridae","Halocynthia","Halocynthia_papillosa"
"Microcosmus_sabatieri","MISA","Animalia","Chordata","Ascidiacea","Stolidobranchia","Pyuridae","Microcosmus","Microcosmus_sabatieri"
"Phallusia_fumigata","PHFU","Animalia","Chordata","Ascidiacea","Phlebobranchia","Ascidiidae","Phallusia","Phallusia_fumigata"
"Phallusia_mamillata","PHMA","Animalia","Chordata","Ascidiacea","Phlebobranchia","Ascidiidae","Phallusia","Phallusia_mamillata"
"Polycitor_sp","POLC","Animalia","Chordata","Ascidiacea","Aplousobranchia","Polycitoridae","Polycitor","Polycitor_sp"
"Polyclinum_aurantium","POAU","Animalia","Chordata","Ascidiacea","Aplousobranchia","Polyclinidae","Polyclinum","Polyclinum_aurantium"
"Pycnoclavella_sp","PYCL","Animalia","Chordata","Ascidiacea","Aplousobranchia","Pycnoclavellidae","Pycnoclavella","Pycnoclavella_sp"
"Rhopalaea_neapolitana","RHNE","Animalia","Chordata","Ascidiacea","Aplousobranchia","Diazonidae","Rhopalaea","Rhopalaea_neapolitana"
"Antipathes_subpinnata","ANSU","Animalia","Cnidaria","Anthozoa","Antipatharia","Myriopathidae","Antipathella","Antipathella_subpinnata"
"Cystoseira_sp","CYSP","Chromista","Ochrophyta","Phaeophyceae","Fucales","Sargassaceae","Cystoseira","Cystoseira_sp"
"Cystoseira_zosteroides","CYZO","Chromista","Ochrophyta","Phaeophyceae","Fucales","Sargassaceae","Cystoseira","Cystoseira_zosteroides"
"Dictyopteris_polypodioides","DIPO","Chromista","Ochrophyta","Phaeophyceae","Dictyotales","Dictyotaceae","Dictyopteris","Dictyopteris_polypodioides"
"Dictyota_dichotoma","DIDI","Chromista","Ochrophyta","Phaeophyceae","Dictyotales","Dictyotaceae","Dictyota","Dictyota_dichotoma"
"Laminaria_rodriguezi","LARO","Chromista","Ochrophyta","Phaeophyceae","Laminariales","Laminariaceae","Laminaria","Laminaria_rodriguezi"
"Phyllariopsis_sp","PHYL","Chromista","Ochrophyta","Phaeophyceae","Tilopteridales","Phyllariaceae","Phyllariopsis","Phyllariopsis_sp"
"Spatoglossum_solieri","SPSO","Chromista","Ochrophyta","Phaeophyceae","Dictyotales","Dictyotaceae","Spatoglossum","Spatoglossum_solieri"
"Zanardinia_typus","ZATY","Chromista","Ochrophyta","Phaeophyceae","Cutleriales","Cutleriaceae","Zanardinia","Zanardinia_typus"
"Schizomavella_mamillata","SCMA","Animalia","Bryozoa","Gymnolaemata","Cheilostomatida","Bitectiporidae","Schizomavella","Schizomavella_mamillata"
"Lithophyllum_cabiochae","LICA","Plantae","Rhodophyta","Florideophyceae","Corallinales","Corallinaceae","Lithophyllum","Lithophyllum_cabiochae"
"Lithophyllum_incrustans","LIIN","Plantae","Rhodophyta","Florideophyceae","Corallinales","Corallinaceae","Lithophyllum","Lithophyllum_incrustans"
"Lithophyllum_stictaeforme","LIST","Plantae","Rhodophyta","Florideophyceae","Corallinales","Corallinaceae","Lithophyllum","Lithophyllum_stictaeforme"
"Mesophyllum_alternans","MEAL","Plantae","Rhodophyta","Florideophyceae","Corallinales","Hapalidiaceae","Mesophyllum","Mesophyllum_alternans"
"Neogoniolithon_mamillosum","NEMA","Plantae","Rhodophyta","Florideophyceae","Corallinales","Corallinaceae","Neogoniolithon","Neogoniolithon_mamillosum"
"Peyssonnelia_polymorpha","PEPO","Plantae","Rhodophyta","Florideophyceae","Peyssonneliales","Peyssonneliaceae","Peyssonnelia","Peyssonnelia_polymorpha"
"Peyssonnelia_rosa_marina","PERO","Plantae","Rhodophyta","Florideophyceae","Peyssonneliales","Peyssonneliaceae","Peyssonnelia","Peyssonnelia_rosa_marina"
"Peyssonnelia_squamaria","PESQ","Plantae","Rhodophyta","Florideophyceae","Peyssonneliales","Peyssonneliaceae","Peyssonnelia","Peyssonnelia_squamaria"
"Phymatolithon_calcareum","PHCA","Plantae","Rhodophyta","Florideophyceae","Corallinales","Hapalidiaceae","Phymatolithon","Phymatolithon_calcareum"
"Corynactis_viridis","COVI","Animalia","Cnidaria","Anthozoa","Corallimorpharia","Corallimorphidae","Corynactis","Corynactis_viridis"
"Antedon_mediterranea","ANME","Animalia","Echinodermata","Crinoidea","Comatulida","Antedonidae","Antedon","Antedon_mediterranea"
"Centrostephanus_longispinus","CEL","Animalia","Echinodermata","Echinoidea","Diadematoida","Diadematidae","Centrostephanus","Centrostephanus_longispinus"
"Echinus_melo","ECME","Animalia","Echinodermata","Echinoidea","Camarodonta","Echinidae","Echinus","Echinus_melo"
"Paracentrotus_lividus","PALI","Animalia","Echinodermata","Echinoidea","Camarodonta","Parechinidae","Paracentrotus","Paracentrotus_lividus"
"Sphaerechinus_granularis","SGR","Animalia","Echinodermata","Echinoidea","Camarodonta","Toxopneustidae","Sphaerechinus","Sphaerechinus_granularis"
"Adeonella_calveti","ADC","Animalia","Bryozoa","Gymnolaemata","Cheilostomatida","Adeonellidae","Adeonella","Adeonella_calveti"
"Cellaria_sp","CELL","Animalia","Bryozoa","Gymnolaemata","Cheilostomatida","Cellariidae","Cellaria","Cellaria_sp"
"Chartella_tenella","CHTE","Animalia","Bryozoa","Gymnolaemata","Cheilostomatida","Flustridae","Chartella","Chartella_tenella"
"Crisia_sp","CRSP","Animalia","Bryozoa","Stenolaemata","Cyclostomatida","Crisiidae","Crisia","Crisia_sp"
"Dentiporella_sardonica","DESA","Animalia","Bryozoa","Gymnolaemata","Cheilostomatida","Phidoloporidae","Dentiporella","Dentiporella_sardonica"
"Diporula_verrucosa","DIVE","Animalia","Bryozoa","Gymnolaemata","Cheilostomatida","Microporellidae","Diporula","Diporula_verrucosa"
"Frondipora_verrucosa","FRVE","Animalia","Bryozoa","Stenolaemata","Cyclostomatida","Frondiporidae","Frondipora","Frondipora_verrucosa"
"Hornera_frondiculata","HOFR","Animalia","Bryozoa","Stenolaemata","Cyclostomatida","Horneridae","Hornera","Hornera_frondiculata"
"Idmidronea_atlantica","IDAT","Animalia","Bryozoa","Stenolaemata","Cyclostomatida","Tubuliporidae","Idmidronea","Idmidronea_atlantica"
"Myriapora_truncata","MYT","Animalia","Bryozoa","Gymnolaemata","Cheilostomatida","Myriaporidae","Myriapora","Myriapora_truncata"
"Pentapora_fascialis","PEF","Animalia","Bryozoa","Gymnolaemata","Cheilostomatida","Bitectiporidae","Pentapora","Pentapora_fascialis"
"Reteporella_sp","RESP","Animalia","Bryozoa","Gymnolaemata","Cheilostomatida","Phidoloporidae","Reteporella","Reteporella_sp"
"Schizotheca_serratimargo","SCSE","Animalia","Bryozoa","Gymnolaemata","Cheilostomatida","Phidoloporidae","Schizotheca","Schizotheca_serratimargo"
"Scrupocellaria_sp","SCSP","Animalia","Bryozoa","Gymnolaemata","Cheilostomatida","Candidae","Scrupocellaria","Scrupocellaria_sp"
"Smittina_cervicornis","SMCE","Animalia","Bryozoa","Gymnolaemata","Cheilostomatida","Smittinidae","Smittina","Smittina_cervicornis"
"Turbicellepora_avicularis","TUAV","Animalia","Bryozoa","Gymnolaemata","Cheilostomatida","Celleporidae","Turbicellepora","Turbicellepora_avicularis"
"Amphiroa_sp","AMSP","Plantae","Rhodophyta","Florideophyceae","Corallinales","Corallinaceae","Amphiroa","Amphiroa_sp"
"Asparagopsis_sp","ASSP","Plantae","Rhodophyta","Florideophyceae","Bonnemaisoniales","Bonnemaisoniaceae","Asparagopsis","Asparagopsis_sp"
"Chrysymenia_ventricosa","CHVE","Plantae","Rhodophyta","Florideophyceae","Rhodymeniales","Rhodymeniaceae","Chrysymenia","Chrysymenia_ventricosa"
"Corallina_elongata","COEL","Plantae","Rhodophyta","Florideophyceae","Corallinales","Corallinaceae","Corallina","Corallina_elongata"
"Fauchea_repens","FARE","Plantae","Rhodophyta","Florideophyceae","Rhodymeniales","Faucheaceae","Gloiocladia","Gloiocladia_repens"
"Halymenia_latifolia","HALA","Plantae","Rhodophyta","Florideophyceae","Halymeniales","Halymeniaceae","Halymenia","Halymenia_latifolia"
"Jania_rubens","JARU","Plantae","Rhodophyta","Florideophyceae","Corallinales","Corallinaceae","Jania","Jania_rubens"
"Womersleyella_setacea","WOSE","Plantae","Rhodophyta","Florideophyceae","Ceramiales","Rhodomelaceae","Womersleyella","Womersleyella_setacea"
"Miniacina_miniacea","MIMI","Chromista","Foraminifera","Polythalamea","Rotaliida","Homotrematidae","Miniacina","Miniacina_miniacea"
"Corallium_rubrum","CORU","Animalia","Cnidaria","Anthozoa","Alcyonacea","Coralliidae","Corallium","Corallium_rubrum"
"Eunicella_cavolini","EUCA","Animalia","Cnidaria","Anthozoa","Alcyonacea","Gorgoniidae","Eunicella","Eunicella_cavolini"
"Eunicella_singularis","EUSI","Animalia","Cnidaria","Anthozoa","Alcyonacea","Gorgoniidae","Eunicella","Eunicella_singularis"
"Eunicella_verrucosa","EUVE","Animalia","Cnidaria","Anthozoa","Alcyonacea","Gorgoniidae","Eunicella","Eunicella_verrucosa"
"Leptogorgia_sarmentosa","LESA","Animalia","Cnidaria","Anthozoa","Alcyonacea","Gorgoniidae","Leptogorgia","Leptogorgia_sarmentosa"
"Paramuricea_clavata","PACL","Animalia","Cnidaria","Anthozoa","Alcyonacea","Plexauridae","Paramuricea","Paramuricea_clavata"
"Paramuricea_macrospina","PAMA","Animalia","Cnidaria","Anthozoa","Alcyonacea","Plexauridae","Paramuricea","Paramuricea_macrospina"
"Acetabularia_acetabulum","ACET","Plantae","Chlorophyta","Ulvophyceae","Dasycladales","Polyphysaceae","Acetabularia","Acetabularia_acetabulum"
"Bryopsis_sp","BRSP","Plantae","Chlorophyta","Bryopsidophyceae","Bryopsidales","Bryopsidaceae","Bryopsis","Bryopsis_sp"
"Caulerpa_racemosa","CARA","Plantae","Chlorophyta","Bryopsidophyceae","Bryopsidales","Caulerpaceae","Caulerpa","Caulerpa_racemosa"
"Caulerpa_taxifolia","CATA","Plantae","Chlorophyta","Bryopsidophyceae","Bryopsidales","Caulerpaceae","Caulerpa","Caulerpa_taxifolia"
"Cladophora_sp","CLAD","Plantae","Chlorophyta","Ulvophyceae","Cladophorales","Cladophoraceae","Cladophora","Cladophora_sp"
"Codium_bursa","COBU","Plantae","Chlorophyta","Bryopsidophyceae","Bryopsidales","Codiaceae","Codium","Codium_bursa"
"Codium_effusum","COEF","Plantae","Chlorophyta","Bryopsidophyceae","Bryopsidales","Codiaceae","Codium","Codium_effusum"
"Codium_coralloides","COCO","Plantae","Chlorophyta","Bryopsidophyceae","Bryopsidales","Codiaceae","Codium","Codium_coralloides"
"Flabellia_petiolata","FLPE","Plantae","Chlorophyta","Bryopsidophyceae","Bryopsidales","Udoteaceae","Flabellia","Flabellia_petiolata"
"Halimeda_tuna","HATU","Plantae","Chlorophyta","Bryopsidophyceae","Bryopsidales","Halimedaceae","Halimeda","Halimeda_tuna"
"Palmophyllum_crassum","PACR","Plantae","Chlorophyta","Chlorophyta_incertae_sedis","Palmophyllales","Palmophyllaceae","Palmophyllum","Palmophyllum_crassum"
"Valonia_macrophysa","VAMA","Plantae","Chlorophyta","Ulvophyceae","Siphonocladales","Valoniaceae","Valonia","Valonia_macrophysa"
"Posidonia_oceanica","POOC","Plantae","Tracheophyta","Monocots","Alismatales","Posidoniaceae","Posidonia","Posidonia_oceanica"
"Acanthella_acuta","ACAC","Animalia","Porifera","Demospongiae","Halichondrida","Dictyonellidae","Acanthella","Acanthella_acuta"
"Agelas_oroides","AGOR","Animalia","Porifera","Demospongiae","Agelasida","Agelasidae","Agelas","Agelas_oroides"
"Aplidium_sp","APLI","Animalia","Chordata","Ascidiacea","Aplousobranchia","Polyclinidae","Aplidium","Aplidium_sp"
"Aplysina_aerophoba","APAE","Animalia","Porifera","Demospongiae","Verongida","Aplysinidae","Aplysina","Aplysina_aerophoba"
"Aplysina_cavernicola","APCA","Animalia","Porifera","Demospongiae","Verongida","Aplysinidae","Aplysina","Aplysina_cavernicola"
"Axinella_damicornis","AXDA","Animalia","Porifera","Demospongiae","Halichondrida","Axinellidae","Axinella","Axinella_damicornis"
"Axinella_polypoides","AXPO","Animalia","Porifera","Demospongiae","Halichondrida","Axinellidae","Axinella","Axinella_polypoides"
"Axinella_vaceleti","AXVA","Animalia","Porifera","Demospongiae","Halichondrida","Axinellidae","Axinella","Axinella_vaceleti"
"Axinella_verrucosa","AXVE","Animalia","Porifera","Demospongiae","Halichondrida","Axinellidae","Axinella","Axinella_verrucosa"
"Cacospongia_scalaris","CASC","Animalia","Porifera","Demospongiae","Dictyoceratida","Thorectidae","Scalarispongia","Scalarispongia_scalaris"
"Chondrilla_nucula","CHNU","Animalia","Porifera","Demospongiae","Chondrosida","Chondrillidae","Chondrilla","Chondrilla_nucula"
"Chondrosia_reniformis","CHRE","Animalia","Porifera","Demospongiae","Chondrosida","Chondrillidae","Chondrosia","Chondrosia_reniformis"
"Clathrina_clathrus","CLCL","Animalia","Porifera","Calcarea","Clathrinida","Clathrinidae","Clathrina","Clathrina_clathrus"
"Clathrina_sp","CLSP","Animalia","Porifera","Calcarea","Clathrinida","Clathrinidae","Clathrina","Clathrina_sp"
"Cliona_celata","CLCE","Animalia","Porifera","Demospongiae","Hadromerida","Clionaidae","Cliona","Cliona_celata"
"Cliona_viridis","CLVI","Animalia","Porifera","Demospongiae","Hadromerida","Clionaidae","Cliona","Cliona_viridis"
"Corticium_candelabrum","COCA","Animalia","Porifera","Homoscleromorpha","Homosclerophorida","Plakinidae","Corticium","Corticium_candelabrum"
"Crambe_crambe","CRAM","Animalia","Porifera","Demospongiae","Poecilosclerida","Crambeidae","Crambe","Crambe_crambe"
"Crambe_tailliezi","CRT","Animalia","Porifera","Demospongiae","Poecilosclerida","Crambeidae","Crambe","Crambe_tailliezi"
"Crella_pulvinar","CRPU","Animalia","Porifera","Demospongiae","Poecilosclerida","Crellidae","Crella","Crella_pulvinar"
"Dendroxea_lenis","DELE","Animalia","Porifera","Demospongiae","Haplosclerida","Chalinidae","Dendroxea","Dendroxea_lenis"
"Dictyonella_sp","DISP","Animalia","Porifera","Demospongiae","Halichondrida","Dictyonellidae","Dictyonella","Dictyonella_sp"
"Dysidea_avara","DYAV","Animalia","Porifera","Demospongiae","Dictyoceratida","Dysideidae","Dysidea","Dysidea_avara"
"Dysidea_fragilis","DYFR","Animalia","Porifera","Demospongiae","Dictyoceratida","Dysideidae","Dysidea","Dysidea_fragilis"
"Guancha_lacunosa","GULA","Animalia","Porifera","Calcarea","Clathrinida","Clathrinidae","Guancha","Guancha_lacunosa"
"Haliclona_sp","HALI","Animalia","Porifera","Demospongiae","Haplosclerida","Chalinidae","Haliclona","Haliclona_sp"
"Haliclona_mediterranea","HAME","Animalia","Porifera","Demospongiae","Haplosclerida","Chalinidae","Haliclona","Haliclona_mediterranea"
"Haliclona_poecillastroides","HAPO","Animalia","Porifera","Demospongiae","Haplosclerida","Chalinidae","Haliclona","Haliclona_poecillastroides"
"Hemimycale_columella","HECO","Animalia","Porifera","Demospongiae","Poecilosclerida","Hymedesmiidae","Hemimycale","Hemimycale_columella"
"Hexadella_pruvoti","HEPR","Animalia","Porifera","Demospongiae","Verongida","Ianthellidae","Hexadella","Hexadella_pruvoti"
"Hexadella_racovitzai","HERA","Animalia","Porifera","Demospongiae","Verongida","Ianthellidae","Hexadella","Hexadella_racovitzai"
"Ircinia_oros","IROR","Animalia","Porifera","Demospongiae","Dictyoceratida","Irciniidae","Ircinia","Ircinia_oros"
"Ircinia_variabilis","IRVA","Animalia","Porifera","Demospongiae","Dictyoceratida","Irciniidae","Ircinia","Ircinia_variabilis"
"Myxilla_incrustans","MYIN","Animalia","Porifera","Demospongiae","Poecilosclerida","Myxillidae","Myxilla","Myxilla_incrustans"
"Myxilla_rosacea","MYRO","Animalia","Porifera","Demospongiae","Poecilosclerida","Myxillidae","Myxilla","Myxilla_rosacea"
"Oscarella_sp","OSSP","Animalia","Porifera","Homoscleromorpha","Homosclerophorida","Oscarellidae","Oscarella","Oscarella_sp"
"Petrosia_ficiformis","PEFI","Animalia","Porifera","Demospongiae","Haplosclerida","Petrosiidae","Petrosia","Petrosia_ficiformis"
"Phorbas_fictitius","PHFI","Animalia","Porifera","Demospongiae","Poecilosclerida","Hymedesmiidae","Phorbas","Phorbas_fictitius"
"Phorbas_tenacior","PHTE","Animalia","Porifera","Demospongiae","Poecilosclerida","Hymedesmiidae","Phorbas","Phorbas_tenacior"
"Pleraplysilla_spinifera","PLSP","Animalia","Porifera","Demospongiae","Dictyoceratida","Dysideidae","Pleraplysilla","Pleraplysilla_spinifera"
"Raspaciona_aculeate","RAAC","Animalia","Porifera","Demospongiae","Poecilosclerida","Raspailiidae","Raspaciona","Raspaciona_aculeate"
"Reniera_fulva","REFU","Animalia","Porifera","Demospongiae","Haplosclerida","Chalinidae","Haliclona","Reniera_fulva"
"Sarcotragus_sp","SARC","Animalia","Porifera","Demospongiae","Dictyoceratida","Irciniidae","Sarcotragus","Sarcotragus_sp"
"Spirastrella_cunctatrix","SPCU","Animalia","Porifera","Demospongiae","Hadromerida","Spirastrellidae","Spirastrella","Spirastrella_cunctatrix"
"Spongia_lamella","SPLA","Animalia","Porifera","Demospongiae","Dictyoceratida","Spongiidae","Spongia","Spongia_lamella"
"Spongia_officinalis","SPOF","Animalia","Porifera","Demospongiae","Dictyoceratida","Spongiidae","Spongia","Spongia_officinalis"
"Suberites_sp","SUSP","Animalia","Porifera","Demospongiae","Hadromerida","Suberitidae","Suberites","Suberites_sp"
"Terpios_gelatinosa","TEGE","Animalia","Porifera","Demospongiae","Hadromerida","Suberitidae","Suberites","Suberites_affinis"
"Astroides_calycularis","ASCA","Animalia","Cnidaria","Anthozoa","Scleractinia","Dendrophylliidae","Astroides","Astroides_calycularis"
"Balanophyllia_europaea","BAEU","Animalia","Cnidaria","Anthozoa","Scleractinia","Dendrophylliidae","Balanophyllia","Balanophyllia_europaea"
"Caryophyllia_inornata","CAIN","Animalia","Cnidaria","Anthozoa","Scleractinia","Caryophylliidae","Caryophyllia","Caryophyllia_inornata"
"Caryophyllia_smithii","CASM","Animalia","Cnidaria","Anthozoa","Scleractinia","Caryophylliidae","Caryophyllia","Caryophyllia_smithii"
"Cladocora_caespitosa","CLPI","Animalia","Cnidaria","Anthozoa","Scleractinia","Caryophylliidae","Cladocora","Cladocora_caespitosa"
"Dendrophyllia_cornigera","DECO","Animalia","Cnidaria","Anthozoa","Scleractinia","Dendrophylliidae","Dendrophyllia","Dendrophyllia_cornigera"
"Hoplangia_durotrix","HODU","Animalia","Cnidaria","Anthozoa","Scleractinia","Caryophylliidae","Hoplangia","Hoplangia_durotrix"
"Leptopsammia_pruvoti","LEPR","Animalia","Cnidaria","Anthozoa","Scleractinia","Dendrophylliidae","Leptopsammia","Leptopsammia_pruvoti"
"Madracis_pharensis","MAPH","Animalia","Cnidaria","Anthozoa","Scleractinia","Pocilloporidae","Madracis","Madracis_pharensis"
"Polycyathus_muellerae","POMU","Animalia","Cnidaria","Anthozoa","Scleractinia","Caryophylliidae","Polycyathus","Polycyathus_muellerae"
"Filograna_or_Salmacina_sp","FISA","Animalia","Annelida","Polychaeta","Sabellida","Serpulidae","Filograna","Filograna_or_Salmacina_sp"
"Sabella_spallanzanii","SASP","Animalia","Annelida","Polychaeta","Sabellida","Sabellidae","Sabella","Sabella_spallanzanii"
"Epizoanthus_arenaceus","EPAR","Animalia","Cnidaria","Anthozoa","Zoanthidea","Epizoanthidae","Epizoanthus","Epizoanthus_arenaceus"
"Parazoanthus_axinellae","PAAX","Animalia","Cnidaria","Anthozoa","Zoanthidea","Parazoanthidae","Parazoanthus","Parazoanthus_axinellae"
"Savalia_savaglia","SASA","Animalia","Cnidaria","Anthozoa","Zoanthidea","Parazoanthidae","Savalia","Savalia_savaglia"
"Sphaerococcus_coronopifolius","SPCO","Plantae","Rhodophyta","Florideophyceae","Gigartinales","Sphaerococcaceae","Sphaerococcus","Sphaerococcus_coronopifolius"
"Alcyonium_glomeratum","ALGL","Animalia","Cnidaria","Anthozoa","Alcyonacea","Alcyoniidae","Alcyonium","Alcyonium_glomeratum"
"Astropartus_mediterraneus","ASTM","Animalia","Echinodermata","Ophiuroidea","Euryalida","Gorgonocephalidae","Astrospartus","Astropartus_mediterraneus"
"Axinyssa_aurantiaca","AXAU","Animalia","Porifera","Demospongiae","Halichondrida","Halichondriidae","Axinyssa","Axinyssa_aurantiaca"
"Bonellia_viridis","BOVI","Animalia","Echiura","Echiuroidea","Bonelliida","Bonelliidae","Bonellia","Bonellia_viridis"
"Dictyota linearis = Dictyota dichotoma (DIDI)","DIIM","Chromista","Ochrophyta","Phaeophyceae","Dictyotales","Dictyotaceae","Dictyota","Dictyota_implexa"
"Diplosoma_listerianum","DILI","Animalia","Chordata","Ascidiacea","Aplousobranchia","Didemnidae","Diplosoma","Diplosoma_listerianum"
"Dudresnaya_verticillata","DUVE","Plantae","Rhodophyta","Florideophyceae","Gigartinales","Dumontiaceae","Dudresnaya","Dudresnaya_verticillata"
"Lithothamnion_corallioides","LICO","Plantae","Rhodophyta","Florideophyceae","Corallinales","Hapalidiaceae","Lithothamnion","Lithothamnion_corallioides"
"Maasella_edwardsii","MAED","Animalia","Cnidaria","Anthozoa","Alcyonacea","Paralcyoniidae","Maasella","Maasella_edwardsii"
"Mesophyllum_expansum","MEEX","Plantae","Rhodophyta","Florideophyceae","Corallinales","Hapalidiaceae","Mesophyllum","Mesophyllum_expansum"
"Osmundaria_volubilis","OSVO","Plantae","Rhodophyta","Florideophyceae","Ceramiales","Rhodomelaceae","Osmundaria","Osmundaria_volubilis"
"Dictyota_linearis","REVI","Animalia","Bryozoa","Gymnolaemata","Cheilostomatida","Adeonidae","Reptadeonella","Reptadeonella_violacea"
"Sagartia_elegans","SAEL","Animalia","Cnidaria","Anthozoa","Actinaria","Sagartiidae","Sagartia","Sagartia_elegans"
"Valonia_utricularis","VAUT","Plantae","Chlorophyta","Ulvophyceae","Siphonocladales","Valoniaceae","Valonia","Valonia_utricularis"
"Valonia_ventricosa","VAVE","Plantae","Chlorophyta","Ulvophyceae","Siphonocladales","Valoniaceae","Valonia","Valonia_ventricosa"
"Lithophyllum_sp","LISP","Plantae","Rhodophyta","Florideophyceae","Corallinales","Corallinaceae","Lithophyllum","Lithophyllum_sp"
"Mesophyllum_sp","MESP","Plantae","Rhodophyta","Florideophyceae","Corallinales","Hapalidiaceae","Mesophyllum","Mesophyllum_sp"
"Erected_Peyssonnelia_sp","PESP","Plantae","Rhodophyta","Florideophyceae","Peyssonneliales","Peyssonneliaceae","Peyssonnelia","Erected_Peyssonnelia_sp"
"Encrusting_Peyssonnelia_sp","PCSP","Plantae","Rhodophyta","Florideophyceae","Peyssonneliales","Peyssonneliaceae","Peyssonnelia","Encrusting_Peyssonnelia_sp"
